Type,AlexNet,VGG,GoogleNet,ResNet,ResNeXt
original,44.960418701171875,96.47591400146484,69.93212890625,92.74608612060547,98.5718765258789
modified,0,0,3.1017208099365234,0,0
