Image,VGG,AlexNet,ResNet,GoogleNet,SqueezeNet,DenseNet,Inception,MobileNet,ResNeXt,Wide ResNet
Bee,96.79273223876953,53.89301300048828,98.25080108642578,66.26425170898438,46.83485794067383,95.54661560058594,99.8888168334961,91.72171783447266,99.79252624511719,97.56465911865234
Car,15.982553482055664,67.1085433959961,23.955183029174805,46.34892654418945,72.58556365966797,12.29330825805664,61.97242736816406,81.0721664428711,22.79121208190918,43.186580657958984
Horse,97.07435607910156,0,86.05650329589844,10.5667085647583,0,98.68574523925781,99.8533935546875,97.06055450439453,99.74946594238281,54.737396240234375
Rabbit,0,0,19.810142517089844,0,0,56.88815689086914,5.164065361022949,27.26810073852539,14.034507751464844,1.0822628736495972
Spider,86.23217010498047,15.984745025634766,47.379920959472656,70.97698211669922,0,36.41645050048828,13.232535362243652,92.84843444824219,71.003173828125,61.90455627441406
