Type,AlexNet,VGG,GoogleNet,ResNet,ResNeXt
original,78.01522827148438,90.64350128173828,86.64371490478516,72.04011535644531,64.6589584350586
modified,0,0,7.956544876098633,49.3460578918457,0
