Image,VGG,AlexNet,ResNet,GoogleNet
Cat,99.96620178222656,99.69194030761719,99.93289947509766,98.69813537597656
Bear,98.69500732421875,88.39210510253906,99.94562530517578,92.75187683105469
Skunk,99.78549194335938,99.9307861328125,99.68339538574219,95.41024780273438
Elephant,90.40499114990234,78.34550476074219,89.73092651367188,74.89419555664062
Dugong,96.20580291748047,98.82966613769531,99.62448120117188,86.46710205078125
Agama,99.86528015136719,86.691162109375,99.7455062866211,86.03277587890625
Ambulance,99.30990600585938,94.44341278076172,99.96029663085938,96.05419921875
